Goal Size,SARSA Grid Score,WVF Grid Score
4,-0.5345443908050108,-0.5887504046622235
14,-0.4018337397840535,-0.534505496588174
24,-0.5875050584212909,-0.5870779867738255
44,-0.7107639986448979,-0.4202005630172553
64,-0.5380597217799129,-0.37984858482333406

