Goal Size,SARSA Grid Score,WVF Grid Score
49,-1.0771043060694665,
39,-0.9133064427106565,-0.3074376419603305
29,,-0.2505402032658018
19,-1.399082368028353,-0.4427128462904024
9,,-0.08622320588610832
