Goal Size,SARSA Grid Score,WVF Grid Score
5,,-0.5320962457315226
4,,-0.6508379171317253
3,-1.7753114011106326,
2,,0.42092671168703294
1,,-0.9584198704546083
