Goal Size,Average SARSA Grid Score
25,0.0
75,0.2867555492490363
125,0.0018602879838720866
175,0.2594510213722816
225,0.0
