Goal Size,Average SARSA Grid Score
95,-0.37365000000000004
100,-0.40075000000000005
