Goal Size,Average SARSA Grid Score
25,-0.0035578691125183444
75,-0.004376334911660579
