Goal Size,SARSA Grid Score,WVF Grid Score
30,-0.7506706417095036,
35,-1.6427107220065875,-0.5427038353482967
40,,-1.0319225520630297
45,-0.8067550373085804,-0.49063528903171694
49,,
