Goal Size,Average SARSA Grid Score
25,-0.221932976437256326
75,-0.27056476875762037
125,-0.27307978498287375
175,-0.26246138131257726
225,-0.2358885932219593
