Goal Size,WVF Grid Score,SARSA Grid Score
25,-0.3299961249271032,-0.21096280109378335
75,-0.37061344074332013,-0.2003589098392537
125,-0.3302056487864839,-0.20633199167520289
175,-0.27280575171672944,-0.21900668777960184
225,-0.21942711635999915,-0.19722891461248976
