Goal Size,Average SARSA Grid Score
1,-0.5783903286133213
10,
20,-0.74928724091434
30,-0.8077853278908489
35,-0.6738917330109138
40,-0.8910260567236283
45,-0.9261629004313086
50,-1.3931815498491529
55,-0.5864271914367425
60,-0.5384816688059668
65,-0.8807852182392397
70,-0.7306830319533959
75,
80,-0.8289868096671478
85,-0.9021534889032339
90,-0.67418896612433
95,-0.2776507894869695
100,-0.29804950732177066
