Goal Size,SARSA Grid Score,WVF Grid Score
49,-0.559609978451009,-0.5345424573345177
39,-1.3945615541960352,-0.2517600981557123
29,-1.0313809078137206,-0.24643276971037306
19,,0.19746749965359375
9,-0.9774708641544962,0.8963653094478201
