Goal Size,Average SARSA Grid Score
1,-0.46141411576019464
10,-0.6037783527236955
20,-0.7690881961244085
30,-0.2962547613167776
35,-0.5692034342462977
40,-0.2897730010385462
45,-0.18335171908963926
50,-1.2768964978059838
55,-0.16705917284194688
60,-0.3245995413922424
65,-0.13626964970541305
70,-0.3867718006268658
75,-0.3781579912208388
80,-0.6713958755416191
85,-0.7892797925214134
90,0.06790192676238635
95,-0.3568383578130073
100,-0.15656885754788147
