Goal Size,Average SARSA Grid Score
1,-0.6258750181020775
10,-0.7172731699119511
20,-0.5013252477287081
30,-0.9014924432780054
35,-0.3031542199039449
40,-0.4200670097772109
45,-0.9143136768018472
50,
55,-0.7611716484886899
60,-0.7227205909327972
65,0.339241609837837
70,-0.013270378736624525
75,0.43337363838726706
80,-0.6158593875729562
85,-0.5195276906475574
90,-0.478797035219348
95,-0.006340192532169053
100,-1.2034445664498468
