Goal Size,Average SARSA Grid Score
25,-0.002840393393358053
75,-0.002840393393358053
125,0.0006105700921334696
175,-0.004622012481071642
225,0.0
