Goal Size,WVF Grid Score
25,-0.001479892514091565
75,0.0007802068259014404
125,-0.0018586225719463096
175,0.0006885178655065571
225,-0.002443805510177065
