Goal Size,WVF Grid Score
25,0.14057743430110928
75,-0.0038250265994175135
125,0.0003127804928448703
175,-0.0030912386935014135
225,0.006509543209783359
