Goal Size,WVF Grid Score
4,-0.010836301278521546
14,-0.16313588053570807
