Goal Size,WVF Grid Score
1,-1.2904850497977263
10,0.0
20,-0.9107048559962563
30,-2.0
35,0.0
40,0.0
45,-2.0
50,0.0
55,0.0
60,0.0
65,-1.6499080780347315
70,0.0
75,-0.88583183218253
80,-0.7740808794160952
85,0.2643222315893413
90,0.0
95,0.0
100,0.0
