Goal Size,WVF Grid Score
25,0.16666879525445039
75,-0.000615061837921844
125,0.0009985108876482485
175,-0.002043492781894505
225,-0.13037373340975766
