Goal Size,WVF Grid Score
1,-0.9179278800083361
10,-1.0495673054155832
20,-1.0673508901294027
30,-0.6481811681328661
35,-1.1593656491849575
40,-0.7886923495693838
45,-0.5460340686292829
50,-0.31944859068224657
55,-0.924372242090354
60,-0.24448410214226307
65,-0.7040824092932974
70,-1.8412278178641084
75,-1.4903063423144385
80,-0.7274775043836069
85,-0.7298476316595817
90,-0.6359027331523177
95,-0.5693807726325939
100,-0.4188769466556249
